,,,,,,,X,,,,,,,Y,
Energy,Dispersion,SigmaXY,ThetaPhi,Emittance,Focus,Plane,FWHM X,mean X,stdev X,FWHM Y,mean Y,stdev Y
69.395,1.081,4.983,10.331,5.14823,positive,2,-3.703491702873359,50.028649696072044,-1.572741507929913,3.6985351984867925,50.03998381518642,1.570636656398332,
127.977,1.382,3.898,7.24,42.3266,positive,3,4.773664425354794,50.0625055520205,2.0272058881241692,4.8359008598240285,49.9954789181273,2.0536354933854377,
127.977,1.382,3.898,7.24,87.47498,positive,2,10.610454855664976,50.14034277233531,4.505883665561821,10.681271769415789,49.871260359738635,4.535957095895952,
98.736,1.311,4.31,8.414,36.26276,positive,2,4.548254135653089,50.05695329577508,1.9314821367645187,4.548774655266984,50.04619314309034,1.9317031829739186,
234.635,0.666,3.565,5.845,10.4186,positive,3,2.7550549381547764,50.05599359034287,1.1699740692011111,2.7495473846392207,50.02966002974685,1.1676352066584086,
234.635,0.666,3.565,5.845,64.59533,negative,4,12.47117048179786,49.69946373284402,5.296063564548097,13.014677909904146,50.28682216047673,5.526871882921753,
69.395,1.081,4.983,10.331,102.96453,negative,5,27.209720368884682,50.09451625423721,11.555002704639325,26.54082720904115,50.27544323053521,11.270947515305398,
234.635,0.666,3.565,5.845,64.59533,negative,1,9.9499123916576,49.973391293142505,4.225374720425344,10.136969015210314,50.093283245782885,4.30481103075009,
127.977,1.382,3.898,7.24,28.21774,positive,5,4.442508465000641,50.02842586309684,1.8865757028200445,4.386664051857606,50.03885777800486,1.862860562195348,
195.932,1.106,3.585,6.19,44.38536,positive,2,-6.00021966081423,50.0757852053213,-2.54808037235189,5.753392418488244,50.09165527510337,2.4432616011925616,
69.395,1.081,4.983,10.331,51.48227,positive,4,5.321537085436133,50.05572818828214,2.2598679656175187,5.46399509523598,50.05889023410011,2.3203648272617547,
234.635,0.666,3.565,5.845,10.4186,positive,4,-1.7834694744728619,50.04062167741393,-0.7573761994533981,1.8318022707021366,50.04841706342136,0.7779014229242979,
157.141,1.335,3.682,6.594,24.2785,negative,3,16.949693677662534,49.76732604425619,7.197933445584565,16.261141541447213,49.79601682403562,6.9055297865836645,
195.932,1.106,3.585,6.19,66.57804,positive,4,10.012635223377607,50.11250664487148,4.252010881339225,10.449148660168435,50.09383747853425,4.437382648279444,
98.736,1.311,4.31,8.414,108.78827,negative,4,17.895221429630357,50.34993510294611,7.59946552982434,17.795897315846926,49.989526262873746,7.557286103213404,
98.736,1.311,4.31,8.414,3.62628,negative,1,15.81279949062432,50.12645094058307,6.715134827002005,15.92897094489945,49.99104562510486,6.764468721292445,
234.635,0.666,3.565,5.845,2.08372,negative,1,12.263136271164711,50.018547680377324,5.207718817379273,12.255642710974941,49.93951258616331,5.2045365682754126,
69.395,1.081,4.983,10.331,154.4468,positive,2,13.009217751485437,50.183317098226055,5.524553147394869,12.841368696045935,50.07698839266778,5.453273609667884,
127.977,1.382,3.898,7.24,84.65321,negative,1,11.625973716441075,50.0578942641959,4.937138490080294,11.882263815256287,50.05255672008171,5.045975800601447,
195.932,1.106,3.585,6.19,33.28902,positive,5,-4.97671589308999,50.1092020605864,-2.1134346411967004,4.815507351810797,50.05561940636735,2.0449750941951743,
69.395,1.081,4.983,10.331,102.96453,positive,3,-8.446328186451616,50.02539643917402,-3.58685586311008,8.243073072031969,50.04832965428488,3.500540628517058,
69.395,1.081,4.983,10.331,5.14823,negative,2,-20.89042809280222,50.0980567909537,-8.871423514864201,21.09866345590268,50.1235378704029,8.959853684348005,
157.141,1.335,3.682,6.594,48.557,positive,3,-5.6780844825582495,50.021936761316866,-2.411280993102705,5.947791516766867,50.03574755107123,2.5258159999859298,
157.141,1.335,3.682,6.594,75.26335,negative,4,13.87814278477909,50.06264476809333,5.893554775258659,13.5683112826832,50.106615250123404,5.7619803306791235,
234.635,0.666,3.565,5.845,62.51161,negative,1,10.245839629329183,50.07374632006384,4.351044517296239,10.299295343741383,50.05160414353452,4.373745262332845,
127.977,1.382,3.898,7.24,84.65321,negative,4,-15.731205094931887,50.09005214976777,-6.680484582525857,15.80813805322643,49.944517161942834,6.713155279950072,
195.932,1.106,3.585,6.19,66.57804,positive,5,-10.986083829275666,49.918438793862485,-4.665399961472595,10.96898616655757,49.980940475461125,4.658139190826215,
234.635,0.666,3.565,5.845,41.6744,negative,3,-14.179069214382652,49.926345622051954,-6.0213475515469055,14.369347299434965,49.895051649971094,6.102151902257077,
157.141,1.335,3.682,6.594,36.41775,negative,2,14.472078789089437,50.02191843507405,6.145778320489824,14.371993506342754,50.089527707423,6.10327565243025,
157.141,1.335,3.682,6.594,72.8355,negative,5,-15.776389826020402,50.05076485622151,-6.699672934440463,15.556460624156948,50.15570033191108,6.606276806589497,
234.635,0.666,3.565,5.845,64.59533,positive,5,11.849353547027796,49.994614495323084,5.031999977504585,11.887782436736005,50.09142947633357,5.048319363315783,
69.395,1.081,4.983,10.331,102.96453,positive,5,11.20603743462717,50.02181862482935,4.758806452618979,11.0739869311822,50.1331873802404,4.70272928961364,
69.395,1.081,4.983,10.331,25.74113,positive,5,5.992380916107642,50.01450714718243,2.544751535632598,5.973458383077979,50.074111531736705,2.536715807320358,
157.141,1.335,3.682,6.594,72.8355,positive,3,9.817332882653504,50.05105206638419,4.16907290753079,9.752015305230572,50.09773889808296,4.141334850191342,
195.932,1.106,3.585,6.19,33.28902,negative,4,15.688084601018375,49.90572097938628,6.662172838890086,15.540013631861655,49.77367653563877,6.599292352582663,
157.141,1.335,3.682,6.594,48.557,positive,5,7.149080328713712,50.023624080600335,3.035960730726054,7.1618704041685985,50.05564161450215,3.0413922219163405,
234.635,0.666,3.565,5.845,31.2558,positive,4,4.221994815563682,50.008227996921136,1.7929313808237142,4.293011061354483,50.0973866765032,1.8230894604019379,
195.932,1.106,3.585,6.19,11.09634,positive,3,2.382663025499868,50.046259749494034,1.011832438211257,2.5638659155251764,50.03620945920518,1.088782875626455,
157.141,1.335,3.682,6.594,48.557,positive,1,6.565031085396551,50.10881745758555,2.7879357420573085,6.539010892442565,50.093206967256855,2.7768858894354365,
157.141,1.335,3.682,6.594,12.13925,negative,5,21.100819779379094,50.65463135990764,8.96076939841137,20.991251621142524,50.378447041702266,8.914239689630765,
127.977,1.382,3.898,7.24,14.10887,negative,4,20.533654056174548,49.797271222396155,8.7199142416233,20.237071176381757,49.599894244842815,8.593966016808968,
98.736,1.311,4.31,8.414,72.52551,negative,4,20.418523998355187,50.081170504582154,8.671022591453706,20.62274696860954,50.16874982643587,8.757748840075395,
127.977,1.382,3.898,7.24,28.21774,positive,2,4.476560823851788,49.937125913466566,1.9010365312773008,4.091388587893271,49.9628352724203,1.7374675504897532,
234.635,0.666,3.565,5.845,2.08372,positive,3,-2.3991160016819832,50.08077970726426,-1.0188194333624865,2.417732364130554,50.07151047964597,1.0267251418933898,
234.635,0.666,3.565,5.845,31.2558,negative,2,13.377124885316233,50.05936863419406,5.68079025196035,13.563459340566398,49.94760378692088,5.759919883033123,
69.395,1.081,4.983,10.331,51.48227,negative,3,23.399085141396252,49.98882871299404,9.936761143789813,23.262317517757232,50.09230990697167,9.878680787224916,
127.977,1.382,3.898,7.24,84.65321,negative,5,16.954474166653448,49.95246197660781,7.199963549623512,16.626237251564476,49.93002100787881,7.060572979261286,
69.395,1.081,4.983,10.331,77.2234,negative,5,27.717315983497627,50.12774736908756,11.770560550151872,27.496846494199403,50.05801673496021,11.676934981399441,
157.141,1.335,3.682,6.594,72.8355,negative,1,-11.14692246384578,49.928119926809316,-4.733702422220902,10.833555356551374,50.10810106866325,4.60062653157439,
234.635,0.666,3.565,5.845,10.4186,positive,5,1.902360761996516,50.05423117132129,0.8078651104112944,1.8823409836661056,50.04863284104246,0.79936342095554,
195.932,1.106,3.585,6.19,22.19268,positive,4,3.130539517401445,50.06348053011788,1.329429045949314,2.876451035817814,50.02920162241102,1.2215266841420986,
127.977,1.382,3.898,7.24,28.21774,negative,1,13.959606530027862,49.99102549575177,5.928149537127511,13.788528928786437,50.10690099005093,5.855498950563291,
195.932,1.106,3.585,6.19,2.21927,negative,3,15.487623526957314,50.1147877145095,6.577044134090927,16.171949356965758,50.036443088321036,6.867653030816102,
234.635,0.666,3.565,5.845,2.08372,positive,1,-5.041638454245916,50.041614615328555,-2.14100494914469,5.118383907235964,50.07181072505846,2.173596019719706,
195.932,1.106,3.585,6.19,66.57804,negative,5,15.106555142238838,50.13449840326853,6.415217913299999,15.150965380566808,50.05049643136196,6.434077365622052,
98.736,1.311,4.31,8.414,54.39413,negative,1,15.407796362534452,50.158082829291054,6.543144370024822,15.27171187702712,50.03656805803693,6.485354117983319,
195.932,1.106,3.585,6.19,11.09634,negative,4,-16.832074139329603,50.184733626113406,-7.14798460137999,17.26586086649918,50.012814374902455,7.332198431501266,
195.932,1.106,3.585,6.19,68.79731,positive,4,11.210760750132856,50.03420026434664,4.760812277107549,11.03459524682514,50.0109166786129,4.6860010390798115,
195.932,1.106,3.585,6.19,33.28902,negative,3,-15.300329808302674,49.98137107493563,-6.497507137889704,14.920881576414791,50.17921317099011,6.33636893851486,
98.736,1.311,4.31,8.414,36.26276,positive,4,4.0703582398673674,50.04934770671462,1.728536707944355,4.0595206819690395,50.047388773730795,1.7239343816753183,
127.977,1.382,3.898,7.24,28.21774,positive,4,3.568458331596404,50.03371446701005,1.515397626803297,3.4934030248205943,49.99583182630507,1.4835243013506856,
195.932,1.106,3.585,6.19,33.28902,positive,4,4.347391001580991,50.030839139932986,1.8461826913457582,4.308997212973351,50.06128864962621,1.82987821172641,
98.736,1.311,4.31,8.414,54.39413,positive,5,7.061957541573475,50.030507599088644,2.9989627745768113,7.125199637340948,50.02190309962346,3.0258194485055836,
195.932,1.106,3.585,6.19,33.28902,negative,2,13.55465686337767,50.082560814843426,5.7561817833266815,13.367883070884234,50.08439317617099,5.67686558131656,
195.932,1.106,3.585,6.19,66.57804,negative,4,13.957491723459327,50.282190500038645,5.927251453821695,13.912026158170582,50.01835770593973,5.907943841587643,
127.977,1.382,3.898,7.24,84.65321,positive,4,11.502092472293342,50.05704852455689,4.8845305216125965,11.662646541573292,50.04298190413204,4.952712137579961,
98.736,1.311,4.31,8.414,108.78827,negative,1,12.986932086949627,50.071634440519325,5.515089216472578,13.034891236693257,50.140661581912966,5.535455765539858,
69.395,1.081,4.983,10.331,77.2234,positive,1,7.378281716014611,50.026946216368934,3.133294426709109,7.468401260335918,50.02607532165173,3.1715649992933237,
98.736,1.311,4.31,8.414,72.52551,negative,5,22.53990318707717,50.02659272506447,9.571897055833688,22.140233710746134,50.07266504003874,9.402171611494026,
234.635,0.666,3.565,5.845,62.51161,positive,3,9.072561619856554,49.94403244980942,3.8527949804045156,9.42661629627861,49.983245745747,4.003149437862498,
234.635,0.666,3.565,5.845,10.4186,positive,1,5.051756301130386,50.11804417491197,2.1453016396850626,4.977209744223795,50.15175399829129,2.113644362248936,
234.635,0.666,3.565,5.845,64.59533,negative,3,11.708143642864535,49.99067153491765,4.97203314203522,11.895761458721,50.23326081054124,5.051707770817479,
157.141,1.335,3.682,6.594,48.557,negative,1,-12.788697945045413,49.9755520056755,-5.430906210737818,12.625532230076356,49.96720193119268,5.36161552152045,
157.141,1.335,3.682,6.594,72.8355,negative,2,12.017545723612638,50.003444271743376,5.103425226606352,12.03721985568294,50.1302460024784,5.111780132360685,
195.932,1.106,3.585,6.19,2.21927,negative,1,12.649302695671143,49.908311268631856,5.371709994764371,12.839814204722394,50.0508652625712,5.45261347236385,
195.932,1.106,3.585,6.19,33.28902,positive,2,-4.928446447044676,50.02622896736389,-2.0929363203009497,4.880335890695834,49.99492786254954,2.072505474221095,
98.736,1.311,4.31,8.414,3.62628,positive,3,-1.9050820778583504,50.03448337930773,-0.8090207566920122,1.9161870593515709,50.05463777293093,0.8137366482722825,
157.141,1.335,3.682,6.594,12.13925,negative,1,-12.974701703183168,50.03545824479346,-5.509895406481726,12.976925462015585,50.037484956550465,5.510839757947845,
69.395,1.081,4.983,10.331,51.48227,positive,1,6.6990148745142,50.0599619812106,2.8448339028852554,6.694941598135136,50.023211376590055,2.8431041269471446,
157.141,1.335,3.682,6.594,2.42785,negative,1,13.14695181029158,50.005751550500875,5.583043914681323,13.145713835324294,50.14431920436269,5.582518190642218,
195.932,1.106,3.585,6.19,2.21927,positive,2,3.582051054009733,50.07260422794518,1.5211699736749333,3.415452624900028,50.0432522306797,1.4504215325717802,
127.977,1.382,3.898,7.24,84.65321,positive,1,-9.104293503416793,50.02912127808863,-3.8662703853477125,9.21267764375585,49.999881911768064,3.9122972837420797,
195.932,1.106,3.585,6.19,44.38536,negative,4,-15.727229090513992,49.95652553407407,-6.6787961145379615,15.951511508031963,49.90581953202209,6.774040898603688,
195.932,1.106,3.585,6.19,66.57804,negative,3,12.988701958992602,50.32310326736698,5.515840818325379,12.920965349068585,50.00870205369137,5.487075483722008,
127.977,1.382,3.898,7.24,14.10887,positive,1,5.4236638241175035,50.061705195367765,2.3032375675715575,5.343813472157579,50.05721225999818,2.2693279565812716,
157.141,1.335,3.682,6.594,12.13925,negative,2,14.155856629749378,50.301029220266294,6.011489990550951,14.58228619957858,49.90385510727274,6.192579497018252,
157.141,1.335,3.682,6.594,2.42785,negative,3,17.572933421174337,50.485415082856825,7.462601249012373,17.401803831059524,49.9298571138875,7.389928584618449,
234.635,0.666,3.565,5.845,31.2558,positive,1,5.912206179888933,50.01973155225558,2.5107041701583714,5.87698768389311,50.101547169867466,2.4957481246361093,
234.635,0.666,3.565,5.845,31.2558,negative,5,17.76363975130157,50.09609897093723,7.5435874602096025,17.445408410961356,50.07454494919914,7.408445902395684,
127.977,1.382,3.898,7.24,42.3266,negative,5,20.583322796774606,50.231023965754936,8.74100679326253,20.641486997431937,50.15700081906496,8.765707065326964,
69.395,1.081,4.983,10.331,5.14823,positive,1,-5.962125003744583,50.05403753124699,-2.531902923282055,6.034785118641715,50.03646557811002,2.5627590957370967,
234.635,0.666,3.565,5.845,31.2558,positive,5,4.596718163304626,50.02690244586457,1.9520630895637106,4.676955414470162,50.05688822684859,1.986137002917514,
234.635,0.666,3.565,5.845,10.4186,negative,3,14.931584023330107,50.14054424876914,6.340913887943819,15.145827608194317,49.99437901748557,6.431895536009137,
127.977,1.382,3.898,7.24,28.21774,negative,4,19.219651960699576,50.102197295501966,8.161904178995913,19.25633361933422,50.04196559154434,8.177481577770605,
69.395,1.081,4.983,10.331,5.14823,positive,3,-2.0538804392585326,50.05304751418674,-0.8722101406737441,2.0820056995954053,50.04639495967649,0.8841539407148824,
157.141,1.335,3.682,6.594,2.42785,positive,3,-1.9887354462719775,50.05792656771313,-0.8445453738202724,2.0676465920051244,50.04996691056834,0.8780561372537474,
195.932,1.106,3.585,6.19,33.28902,negative,5,-17.696699434476145,50.10104447525331,-7.515160283028768,18.185963839740847,49.94003548772212,7.722933514413473,
157.141,1.335,3.682,6.594,75.26335,positive,2,-9.837316410021156,50.212957506958,-4.177559202489025,9.820888617714179,50.06369968807334,4.1705829020359175,
98.736,1.311,4.31,8.414,112.41454,negative,2,13.910341807296206,50.008165761990774,5.907228557540431,13.548234396389153,50.05558866310813,5.753454389497687,
69.395,1.081,4.983,10.331,159.59503,positive,3,-15.356322609802172,49.98482279387302,-6.5212852937838335,15.49853169180197,50.07528925928441,6.581676444624584,
157.141,1.335,3.682,6.594,12.13925,positive,3,2.39884439260952,50.050276249854235,1.0187040906274503,2.3371833102687685,50.05005855683083,0.9925188169987975,
127.977,1.382,3.898,7.24,87.47498,positive,4,12.482468637787077,50.00294862062691,5.300861490482027,12.85528685478416,49.968353841950915,5.459184157798607,
157.141,1.335,3.682,6.594,24.2785,negative,2,14.200353959623154,50.1501119482993,6.030386427562067,14.387814553127853,50.19938117426109,6.109994289590561,
69.395,1.081,4.983,10.331,154.4468,positive,4,15.893545885661997,50.05251513508337,6.749424955691352,16.235998819118596,50.08605663221301,6.89485256459937,
195.932,1.106,3.585,6.19,66.57804,negative,1,10.264840483419986,50.043609155862974,4.359113505783925,10.930373940655993,50.04025009495613,4.641741948639372,
69.395,1.081,4.983,10.331,25.74113,negative,2,21.41441114976647,50.097361481593175,9.093940525635498,21.205387953317896,49.956657228900696,9.00517579128499,
98.736,1.311,4.31,8.414,36.26276,positive,5,5.534805728425447,49.98327905377896,2.350435590464348,5.485940931744872,49.99324958493673,2.3296844452797996,
98.736,1.311,4.31,8.414,36.26276,negative,2,17.3254288968117,49.68336512589326,7.35749486020541,18.115033012682648,49.85298746988008,7.692811709139905,
98.736,1.311,4.31,8.414,72.52551,negative,1,14.891287509366007,50.11702834756302,6.32380138838373,14.883331457100862,50.104407865195114,6.320422735306974,
195.932,1.106,3.585,6.19,33.28902,positive,3,4.452025933749695,50.05135701090355,1.8906174340707045,4.509114250238135,50.043379718737256,1.9148608163063254,
69.395,1.081,4.983,10.331,77.2234,positive,3,6.298365858320029,50.10599586939958,2.6746924827246596,6.2426572786336285,50.03530186392602,2.6510350257489503,
127.977,1.382,3.898,7.24,28.21774,negative,3,17.49989379517082,50.007888983164484,7.4315839116573885,17.419700107670003,49.99259879536722,7.397528498246136,
157.141,1.335,3.682,6.594,72.8355,positive,4,11.046809459451813,50.22711488554196,4.691187981761429,10.316435029018265,50.15764113710065,4.381023878468772,
234.635,0.666,3.565,5.845,20.8372,negative,3,14.878871391053245,50.13210117487523,6.318528703521847,14.75004519280916,50.16090425668872,6.263820788520961,
127.977,1.382,3.898,7.24,2.82177,negative,3,17.596994659411802,49.67064276595964,7.472819203079584,16.82440814691682,49.70416570108749,7.14472912642977,
69.395,1.081,4.983,10.331,77.2234,positive,5,8.91381045971261,50.03419008502236,3.7853789959710427,9.128703718238587,50.04593190094871,3.876636537386864,
234.635,0.666,3.565,5.845,62.51161,positive,2,-8.780812644946227,50.05863526970037,-3.728899543462811,8.778050553480128,50.082293884644535,3.7277265812298825,
127.977,1.382,3.898,7.24,56.43547,negative,5,20.215893706925726,50.04221835573229,8.584972697012793,20.110885883823084,50.037857285973715,8.540379600740225,
127.977,1.382,3.898,7.24,42.3266,negative,4,19.28370410661927,50.31328439817256,8.18910485247973,18.87464850286608,49.76663332454901,8.0153934528903,
98.736,1.311,4.31,8.414,112.41454,positive,5,14.916463334396223,50.186718439330114,6.334492667910745,14.860242732957074,50.043489315115295,6.310617773465719,
195.932,1.106,3.585,6.19,68.79731,negative,4,-13.073401236931668,50.097081719904295,-5.551809596115028,13.282727892152375,50.08916818283712,5.640703198637835,
127.977,1.382,3.898,7.24,2.82177,negative,5,19.673139797282232,49.84908971952918,8.354484371191708,20.430402846192408,50.15540446974742,8.676067116609651,
234.635,0.666,3.565,5.845,62.51161,negative,4,13.260888621402552,50.09129122783176,5.631428835316185,13.691209797858368,49.868541886493794,5.8141709690242775,
157.141,1.335,3.682,6.594,36.41775,positive,1,-5.840651819695538,50.07296437495545,-2.480317572488338,5.991917823843155,50.024340998347185,2.5445548767806843,
157.141,1.335,3.682,6.594,75.26335,positive,4,-11.687559766054022,50.18399391612067,-4.963291899971981,11.743950246766264,50.0757271009994,4.987238936116131,
234.635,0.666,3.565,5.845,2.08372,negative,5,17.54697191514942,50.265049328857636,7.451576318646772,19.25072356497656,49.97899255692148,8.1750991867575,
157.141,1.335,3.682,6.594,36.41775,negative,3,16.215556957258663,49.98997022051191,6.886171631246246,16.0729531630564,49.97669619078856,6.82561286013946,
157.141,1.335,3.682,6.594,48.557,negative,4,16.780929635784826,49.974746039622914,7.126265345585539,16.67031467809687,49.97827311016632,7.079291098223573,
157.141,1.335,3.682,6.594,12.13925,positive,1,5.1598523711575455,50.106904397776226,2.191206204840133,5.1000773815709435,50.07647861691095,2.1658218878762288,
98.736,1.311,4.31,8.414,36.26276,negative,1,-15.395929666535993,49.9742363903771,-6.538105005323591,15.465537216054715,50.076436308923526,6.567664861582603,
234.635,0.666,3.565,5.845,10.4186,negative,5,18.048452309532774,50.09810486885039,7.664537247126199,17.36065039837434,49.87416066859353,7.372452182085247,
195.932,1.106,3.585,6.19,22.19268,positive,1,-5.210021335077467,50.08586653824911,-2.212511183572901,5.332159716416543,50.06694356474306,2.2643790200511904,
234.635,0.666,3.565,5.845,41.6744,positive,5,6.1577672726916095,50.091934953569016,2.614985252544424,6.240284517956268,50.087427072308756,2.6500273984866096,
157.141,1.335,3.682,6.594,2.42785,positive,1,4.966589376679538,50.03984626555334,2.109134269016281,4.960182729543714,50.05229507913914,2.106413593317358,
69.395,1.081,4.983,10.331,154.4468,negative,5,23.20371464580637,50.043948459401015,9.853794227028356,22.72205894446206,50.01597927873924,9.649252142204034,
127.977,1.382,3.898,7.24,87.47498,negative,2,12.129864945294955,50.06828859090167,5.151123214410971,12.405949734229715,49.98643460453194,5.268366627411973,
234.635,0.666,3.565,5.845,41.6744,positive,2,5.6576655694637745,49.996249233571724,2.402609805275936,5.8516462908631475,50.08011930154998,2.4849865342547766,
69.395,1.081,4.983,10.331,25.74113,positive,3,2.8781313713739793,50.02573553905613,1.2222402630261506,2.8896306682474076,50.04726354986224,1.2271236063561268,
234.635,0.666,3.565,5.845,10.4186,negative,2,-13.554887036041057,50.09240584706836,-5.756279529489153,13.383928600106128,49.863244308835995,5.683679548202025,
157.141,1.335,3.682,6.594,36.41775,negative,1,12.90424606872621,49.62695742194856,5.4799753986437105,12.061317259181422,50.003154832045965,5.122013444530925,
157.141,1.335,3.682,6.594,24.2785,positive,1,-5.277312513978169,50.008573530450725,-2.2410873594267744,5.382957355661287,50.023011583431924,2.2859509748858873,
98.736,1.311,4.31,8.414,112.41454,positive,1,10.8379994156796,50.067581264417285,4.602513765788856,10.89575880825813,50.163574009592026,4.627042130226826,
69.395,1.081,4.983,10.331,154.4468,negative,1,15.037389240276312,50.057104610315484,6.385845609086254,15.282628452877285,50.003733078824,6.4899900003725515,
127.977,1.382,3.898,7.24,42.3266,positive,4,5.025579065377919,50.055275624413014,2.1341850965593334,5.087013836882498,50.04967657974107,2.1602742640064965,
157.141,1.335,3.682,6.594,72.8355,positive,1,8.952506365953896,50.001266610079256,3.801811774228765,8.703991336955632,50.04500780924526,3.6962762599607744,
195.932,1.106,3.585,6.19,11.09634,negative,3,15.261524407777113,50.043873556567476,6.48102786129485,15.299579609334886,50.17937962096732,6.4971885550088695,
69.395,1.081,4.983,10.331,154.4468,positive,3,14.134396979918328,50.036771859018835,6.002376838762667,13.99611663219625,50.07994353445502,5.943654081958659,
157.141,1.335,3.682,6.594,2.42785,positive,2,3.4071871868514823,50.039461269799396,1.4469114943313581,3.4323241803947253,50.02237479702199,1.4575862835037903,
234.635,0.666,3.565,5.845,20.8372,negative,4,15.91147593495743,50.13700987507361,6.757039211379918,15.932770376143365,49.898532009084406,6.766082204919044,
157.141,1.335,3.682,6.594,36.41775,positive,2,5.028807190505581,50.022499200177776,2.1355559667511383,4.88208044839389,50.00398355119704,2.0732463259698872,
157.141,1.335,3.682,6.594,36.41775,positive,5,-5.219581792512797,50.07406336412679,-2.2165711705931703,5.346988373820313,50.040959490326685,2.2706762246561545,
195.932,1.106,3.585,6.19,44.38536,negative,5,17.271409810790864,50.10034548324063,7.334554871237839,17.343516294048413,49.988784596946346,7.365175935981151,
98.736,1.311,4.31,8.414,18.13138,positive,4,2.728945366854711,50.02201718719025,1.158886260767246,2.736521469957135,50.03678095632851,1.162103562917078,
234.635,0.666,3.565,5.845,41.6744,negative,1,11.873163396079354,50.03932062748234,5.0421111755050765,11.595974689628445,50.01453470206947,4.924398967907442,
157.141,1.335,3.682,6.594,12.13925,negative,3,16.739581935892712,49.9389877406152,7.1087064446631185,16.54752514024631,50.1165025802018,7.0271467386811235,
69.395,1.081,4.983,10.331,159.59503,negative,3,-17.91146619761601,50.16770318967492,-7.606364106342794,17.99770834751493,50.08568698436109,7.642988087105032,
69.395,1.081,4.983,10.331,51.48227,negative,2,21.048489014466966,50.09111043194243,8.938546379508649,20.92402329201961,50.08104759483795,8.885690203847295,
195.932,1.106,3.585,6.19,11.09634,negative,1,12.509979565293447,50.11736206170177,5.312544405169631,12.553213554610311,50.09183211870764,5.330904346275824,
98.736,1.311,4.31,8.414,36.26276,negative,4,21.473788442257916,50.026602604218866,9.119155954755358,21.402275278070444,49.93121394469337,9.088786851567201,
157.141,1.335,3.682,6.594,12.13925,positive,4,1.8817216413119182,50.066881799649416,0.7991004082350596,1.8857026181865053,50.050065717106584,0.8007909878488642,
127.977,1.382,3.898,7.24,84.65321,positive,2,9.78615878532997,49.99952853825895,4.155834374609296,9.997242503900129,50.15209049763261,4.245474139587281,
127.977,1.382,3.898,7.24,42.3266,negative,1,14.518238718010439,50.28082291290863,6.165380804319025,13.236859883881737,49.76451059856333,5.621224683150049,
127.977,1.382,3.898,7.24,56.43547,positive,1,6.599704326288182,50.03697904225014,2.8026602370851803,6.840971271138324,50.028210600451956,2.905117747213489,
69.395,1.081,4.983,10.331,51.48227,positive,5,-7.172692709500448,50.02039322738009,-3.0459880709616307,7.300255138885954,50.099044409335434,3.100159308173074,
127.977,1.382,3.898,7.24,56.43547,positive,4,6.681608610362662,49.98265036372415,2.8374420801608045,6.736780054135666,50.06334919363253,2.8608714345743445,
157.141,1.335,3.682,6.594,24.2785,negative,4,17.830544456941563,50.11759200513703,7.571999514583644,17.47712602071149,50.19568332783104,7.421915245758235,
157.141,1.335,3.682,6.594,72.8355,negative,3,-13.270368447322163,49.88757626383741,-5.635454580992935,13.153985442164476,49.98698886200545,5.586030848549548,
234.635,0.666,3.565,5.845,20.8372,positive,1,5.434893674021507,50.0728766606036,2.3080064863349357,5.46641823265033,50.09149818256339,2.3213938477366782,
127.977,1.382,3.898,7.24,42.3266,positive,2,5.087875477037949,50.05920783685827,2.160640172005244,5.263591339364395,49.925048339169436,2.2352604634637316,
195.932,1.106,3.585,6.19,66.57804,negative,2,11.305981178142584,50.12511068155715,4.801249013989547,11.840275000857066,50.17154223117271,5.028144641097786,
234.635,0.666,3.565,5.845,20.8372,positive,4,2.9341976863567227,50.041842548142895,1.2460496374879917,2.9443980803932708,50.07634086817692,1.250381382874669,
157.141,1.335,3.682,6.594,12.13925,positive,5,2.7210157000208532,50.0420395987707,1.1555188126468716,2.6741742950843967,50.02143961026211,1.135626930136061,
157.141,1.335,3.682,6.594,12.13925,positive,2,3.60366079340202,50.08434475598054,1.5303468631739512,3.7927396748747526,50.0721922853926,1.6106419546775745,
157.141,1.335,3.682,6.594,75.26335,negative,1,10.538787664257953,50.01032888207165,4.475449152479172,10.505853739727321,50.17006508914379,4.461463283390233,
195.932,1.106,3.585,6.19,2.21927,positive,5,-1.6398858525600875,50.06030900385854,-0.6964013302871104,1.6789917370315477,50.05142483580632,0.7130082117511244,
69.395,1.081,4.983,10.331,5.14823,positive,4,3.238653942081516,50.07195720283186,1.3753414056741617,3.2469604075373057,50.07137672817233,1.378868866798584,
234.635,0.666,3.565,5.845,2.08372,negative,3,14.971972577593055,50.00830418464631,6.3580654737527835,15.02980415277244,50.08269127538096,6.382624491579939,
157.141,1.335,3.682,6.594,24.2785,negative,5,19.076197866136503,50.42061687985688,8.10098431549877,19.65179263469325,50.4748466768786,8.345418988743525,
69.395,1.081,4.983,10.331,102.96453,negative,1,-17.348451379099956,50.09266920833831,-7.367271691481211,17.382249366188578,49.91647505335772,7.381624497277297,
98.736,1.311,4.31,8.414,112.41454,positive,3,12.812557535066901,49.997226698384566,5.441038531963182,13.046989700841184,50.107255618328495,5.540593553949883,
69.395,1.081,4.983,10.331,5.14823,negative,5,27.622602407406962,50.110824187053325,11.730339055294277,28.109265633485816,49.786726242543494,11.937007658181509,
98.736,1.311,4.31,8.414,72.52551,negative,2,16.36285992267139,50.1861466783375,6.948725973616184,16.99020966790905,50.29787535706516,7.215139148933688,
127.977,1.382,3.898,7.24,84.65321,positive,3,10.521083543313708,50.048541005348085,4.4679308405442955,10.727427449749674,50.09709648024759,4.555557775500966,
234.635,0.666,3.565,5.845,64.59533,positive,3,9.918161191857449,50.02146393202986,4.211891112560493,9.817437946396437,49.95308346465187,4.16911752437423,
127.977,1.382,3.898,7.24,56.43547,negative,1,11.970410494542005,50.27354364012209,5.083408567412096,12.39966984529342,50.39857323131388,5.26569978142238,
195.932,1.106,3.585,6.19,11.09634,negative,5,18.556617594078052,50.19110158883514,7.880337011244289,18.620041290764902,50.09391054467434,7.907270804639419,
195.932,1.106,3.585,6.19,11.09634,negative,2,14.907864435879718,49.62671646114905,6.330841020842414,13.329097451504225,50.40560256879031,5.660394705072289,
127.977,1.382,3.898,7.24,14.10887,positive,5,3.368625751531512,50.101918270031504,1.4305358211022219,3.2963114142323255,50.01762385550513,1.399826488123121,
69.395,1.081,4.983,10.331,25.74113,positive,1,6.091669038828197,50.0721266517018,2.586915678116272,6.210154339854694,50.03478938940656,2.637232181015243,
127.977,1.382,3.898,7.24,56.43547,positive,3,6.242027492987988,50.0072002228777,2.65076757813317,6.342915833285175,49.953875309765266,2.6936112762379714,
127.977,1.382,3.898,7.24,87.47498,positive,1,9.744321062774183,49.98786422763447,4.138067378450052,9.888281750667375,50.04791393595876,4.199202374158049,
195.932,1.106,3.585,6.19,68.79731,positive,5,11.89630149909422,50.08576157113401,5.051937106800671,12.216902748470188,50.13541932739163,5.18808508088593,
195.932,1.106,3.585,6.19,11.09634,positive,2,3.8083303120071843,49.926745241304175,1.617262745034476,4.063817678413075,50.18293056136581,1.7257591635863239,
234.635,0.666,3.565,5.845,41.6744,negative,5,17.411456093368447,50.092296967091904,7.3940275579108405,17.575599025616633,50.15944299469301,7.463733236630131,
234.635,0.666,3.565,5.845,62.51161,positive,4,10.011325058139096,49.96453104082038,4.251454500653599,9.601038048906425,50.008944388069736,4.077220166853416,
157.141,1.335,3.682,6.594,12.13925,negative,4,17.878239577989213,50.10100649055856,7.592253940032789,18.026041170136498,49.83674288168186,7.65502003148314,
195.932,1.106,3.585,6.19,44.38536,negative,1,-11.983768759458918,49.90961429123601,-5.089081348504721,11.906494230495886,50.09345828480993,5.056265598138222,
157.141,1.335,3.682,6.594,36.41775,positive,4,4.597405952249214,50.064546215350745,1.9523551691223093,4.522028321431774,50.05436826586021,1.9203449640868753,
157.141,1.335,3.682,6.594,24.2785,negative,1,12.761982794696154,50.20714428164271,5.419561234370713,13.135111703864395,50.291373126226894,5.578015841627482,
98.736,1.311,4.31,8.414,54.39413,negative,5,23.07866368347292,50.17635532465468,9.800689520754595,23.562233879749265,50.041637086806155,10.006044623640761,
69.395,1.081,4.983,10.331,102.96453,positive,4,9.559506621054533,50.098638559667094,4.05958324318606,9.460271098463314,50.095317500000604,4.017441438110801,
98.736,1.311,4.31,8.414,112.41454,negative,1,12.744044212388031,49.95245227747372,5.411943355014452,12.443639834852855,50.096094749679786,5.284372275714649,
157.141,1.335,3.682,6.594,72.8355,negative,4,14.258361504139753,50.01487614282591,6.05502017332247,14.276372966207605,50.01943364062577,6.062669002126552,
195.932,1.106,3.585,6.19,68.79731,positive,3,8.358208453300746,50.59216798055097,3.5494345393667173,9.536751559932844,49.29440500931067,4.049919976190268,
234.635,0.666,3.565,5.845,41.6744,positive,3,5.440589159692415,49.98126887000404,2.31042515699525,5.6713217694958225,50.055526150623244,2.408409108839741,
98.736,1.311,4.31,8.414,36.26276,positive,3,-3.6905899069939334,50.048286896301576,-1.5672625730397203,3.742713320163914,50.05354411677277,1.5893975370154212,
195.932,1.106,3.585,6.19,44.38536,negative,2,13.010786603385217,49.880288672615656,5.525219383126047,12.982589340712533,49.84809949907975,5.513245006247891,
98.736,1.311,4.31,8.414,54.39413,negative,4,22.240185106245086,50.53133155414454,9.444617422390474,20.40007098493965,49.96172144266537,8.663186251460697,
127.977,1.382,3.898,7.24,56.43547,negative,4,17.877997841631224,50.29694866844844,7.592151283179558,18.477939739528143,50.31131503243582,7.8469253182980045,
98.736,1.311,4.31,8.414,112.41454,positive,2,-11.763941853878976,50.06111936177681,-4.995728662255383,11.793544940039823,50.10131440174239,5.008300042483363,
234.635,0.666,3.565,5.845,20.8372,positive,5,-3.173724108158355,50.042131383696905,-1.3477680092400013,3.100510297229049,50.0908301272257,1.3166767017279806,
69.395,1.081,4.983,10.331,154.4468,negative,2,17.85201596500018,49.90181363460029,7.581117702140387,17.527537661584166,50.398697791805645,7.4433232807814536,
195.932,1.106,3.585,6.19,22.19268,positive,3,3.3164429927498933,50.05439726293658,1.4083756551511353,3.2248301565292867,50.04328613698733,1.3694709344867024,
69.395,1.081,4.983,10.331,51.48227,negative,4,25.981069404808206,50.15324851311456,11.033238238834809,25.815186648782504,49.849156827607835,10.962793718694796,
127.977,1.382,3.898,7.24,87.47498,negative,5,16.525449259288127,50.18387867849464,7.017771895400088,16.38708034428107,49.86846160266981,6.959011527212956,
234.635,0.666,3.565,5.845,31.2558,positive,2,4.565940731734461,50.002739409038824,1.9389930065120016,4.889491602134046,50.005759908157884,2.0763935799787863,
234.635,0.666,3.565,5.845,10.4186,negative,4,16.02465503554503,50.01909633685125,6.805102359242837,16.26345695343026,50.1712674998206,6.906513059890548,
234.635,0.666,3.565,5.845,2.08372,positive,2,3.7614017329727685,50.07201933753713,1.5973338427776322,3.812705740171699,50.09265453477073,1.619120834114022,
127.977,1.382,3.898,7.24,42.3266,negative,3,17.68941691785224,50.52081417372156,7.512067656638457,17.163983533894235,49.62124461189167,7.288934743457719,
69.395,1.081,4.983,10.331,51.48227,negative,1,17.848686970638774,50.09981931730083,7.579703996364351,18.917988896987218,49.84516426853821,8.033798580341099,
127.977,1.382,3.898,7.24,28.21774,negative,2,15.841149317612906,49.83116691854567,6.727173992531386,15.149499761038133,50.20478498981245,6.433454969015684,
157.141,1.335,3.682,6.594,72.8355,positive,5,-11.635062512295121,50.04031868669846,-4.940998179163887,11.7078958923906,50.06031688718579,4.971927931200357,
69.395,1.081,4.983,10.331,51.48227,positive,2,4.990683898114908,50.07255021098148,2.1193663572765877,5.00137416375503,50.02757902917206,2.123906133750225,
127.977,1.382,3.898,7.24,87.47498,positive,5,14.237383812181182,50.0711896102537,6.04611169194037,14.573622922503207,49.7225200559696,6.188900510660441,
98.736,1.311,4.31,8.414,54.39413,positive,4,-5.815551499603453,50.01388046127488,-2.4696583572292563,5.86888501188011,50.03137991389078,2.492307207355236,
157.141,1.335,3.682,6.594,24.2785,positive,5,4.02806310242168,50.08576942578007,1.710575463912723,3.7678146727549544,50.1015460755119,1.6000571907401708,
69.395,1.081,4.983,10.331,102.96453,negative,4,24.829156387340518,50.15038161590683,10.54406165591155,24.875128583337222,50.06532176645948,10.563584416229498,
69.395,1.081,4.983,10.331,159.59503,negative,4,20.191164640211024,49.979921807135405,8.574471139889173,19.830250999555837,50.33469670877219,8.421203923711499,
69.395,1.081,4.983,10.331,159.59503,positive,4,17.059233899742313,50.113964894714115,7.244451290870695,17.199938721517604,49.96293963419807,7.304203635772721,
127.977,1.382,3.898,7.24,84.65321,negative,2,-13.122265695627949,49.99476896193058,-5.57256059776964,12.904934058682363,49.99888247823004,5.480267563564788,
157.141,1.335,3.682,6.594,2.42785,negative,2,-14.935625861721762,50.08611673588215,-6.342630313284254,14.696884397802203,50.02977844280886,6.241245285290557,
195.932,1.106,3.585,6.19,11.09634,positive,5,-2.2626741810617714,50.05161530441506,-0.9608774337785677,2.2582502903857344,50.04869050688132,0.958998764390069,
69.395,1.081,4.983,10.331,25.74113,positive,4,3.8754796063185233,50.054977877641406,1.6457786675380173,3.8870062494689845,50.05167232826447,1.6506736238614679,
195.932,1.106,3.585,6.19,44.38536,positive,3,-5.772747379129977,50.08091262196648,-2.4514809661669683,5.515168485877403,49.99639247087614,2.3420963503810954,
98.736,1.311,4.31,8.414,36.26276,positive,1,5.87611150053931,50.01850697992111,2.4953760406570877,6.078653968289563,50.06881462792943,2.581388639497861,
98.736,1.311,4.31,8.414,72.52551,positive,4,7.632376699792627,49.988666835161006,3.24119954976755,7.906958805916212,50.10643965147598,3.357804826701296,
157.141,1.335,3.682,6.594,36.41775,negative,5,-19.11075477238129,50.28233474052253,-8.115659407330257,19.087364408038656,50.0219667960423,8.105726349600245,
98.736,1.311,4.31,8.414,3.62628,positive,5,-3.7981552345696525,50.055955614239814,-1.6129417507090422,3.8225929235039433,50.02128042155528,1.6233195700288532,
69.395,1.081,4.983,10.331,51.48227,negative,5,28.25031578137061,49.995610612649905,11.996906650828354,27.950110162035426,50.176593539789216,11.86941997708316,
98.736,1.311,4.31,8.414,18.13138,negative,3,19.991820995529768,50.36736599928004,8.489816967695672,19.260710204837952,50.140771924266026,8.179340158331048,
157.141,1.335,3.682,6.594,48.557,positive,4,6.392310242469761,50.09476021311221,2.7145873290596914,6.221635024493784,50.011185010589436,2.6421076203897504,
195.932,1.106,3.585,6.19,22.19268,negative,1,-12.44621242658186,50.03291992701899,-5.285464764133625,12.663886494164434,50.03922987344721,5.377903216478866,
127.977,1.382,3.898,7.24,87.47498,positive,3,11.335717006815987,49.972125563589415,4.813876765252245,11.23757695047087,49.96887250926461,4.772200165819123,
157.141,1.335,3.682,6.594,2.42785,positive,4,1.227386550630975,50.042294289688755,0.5212275142818816,1.1973908635523354,50.045048932525596,0.5084894103755458,
157.141,1.335,3.682,6.594,75.26335,positive,5,-12.64481640762337,50.152528030129005,-5.3698048274262655,12.698404709178615,50.10245089685333,5.3925618775176725,
127.977,1.382,3.898,7.24,28.21774,positive,1,-5.580359332788964,50.073261969360665,-2.369780589769392,5.550055464488638,50.01389015715322,2.3569116122340064,
157.141,1.335,3.682,6.594,75.26335,positive,1,9.140374458502489,50.091143761908874,3.881592686641111,9.386284670130552,50.01991382204774,3.9860220274038354,
127.977,1.382,3.898,7.24,42.3266,positive,1,6.023163948428371,50.081870408134414,2.5578239971243293,6.070152909486493,50.05516543795351,2.5777785414839873,
234.635,0.666,3.565,5.845,20.8372,negative,2,13.329714683542633,49.935458245906716,5.660656821616542,13.476541079734558,50.19264173674652,5.723008781949447,
98.736,1.311,4.31,8.414,3.62628,negative,5,24.18221552504886,49.99382215324417,10.269328828371352,23.493799459706526,49.9404081463395,9.97698295384174,
69.395,1.081,4.983,10.331,77.2234,negative,2,20.392463312914845,49.99224593054832,8.659955543109753,20.433858636590262,49.97517941216168,8.677534668163013,
157.141,1.335,3.682,6.594,75.26335,positive,3,10.810307264397034,49.747828227806565,4.590753891794222,10.673159645733737,49.792538365092256,4.532512164826625,
98.736,1.311,4.31,8.414,3.62628,negative,3,20.03022631600794,50.06114957046757,8.506126344491227,19.980472125605157,50.09971133679618,8.484997505352963,
157.141,1.335,3.682,6.594,48.557,negative,5,-18.735557050586728,49.88314531073016,-7.956326248762836,18.612707019004848,49.99569140164438,7.904156199679314,
98.736,1.311,4.31,8.414,18.13138,negative,4,21.872835327061054,50.06829542563538,9.288617006565762,21.930965548753402,49.85637648875191,9.31330284896951,
127.977,1.382,3.898,7.24,2.82177,negative,4,19.27343854316711,50.11107483910011,8.184745431954777,19.283155478978813,50.08179939384002,8.188871869788862,
98.736,1.311,4.31,8.414,108.78827,negative,5,19.827187251059637,50.003270898946234,8.419902858442176,19.324169357494554,50.120636897450716,8.206289008618377,
195.932,1.106,3.585,6.19,68.79731,negative,5,14.516525222065727,50.09274965463883,6.164653143394652,14.43552431541945,50.13065387603671,6.1302549326564675,
195.932,1.106,3.585,6.19,66.57804,positive,1,8.397280084670987,50.06713694370106,3.5660268747541135,8.330605952473778,50.10424095801902,3.5377127367393317,
234.635,0.666,3.565,5.845,62.51161,negative,3,12.169727066867722,49.933824276381095,5.168051242936862,12.244132783600328,50.09747798798432,5.199648710548806,
127.977,1.382,3.898,7.24,87.47498,negative,3,13.683494189158296,50.051583235450984,5.810894423797476,13.549337770755262,50.11516303643278,5.753922953437771,
234.635,0.666,3.565,5.845,64.59533,negative,5,14.11957041244426,50.04914254632107,5.996080521676686,13.976182605548079,49.76602600193009,5.935188808199456,
69.395,1.081,4.983,10.331,154.4468,negative,3,18.82652096435287,50.3981459517724,7.99495539508785,19.151950748810087,49.96793219956346,8.133153876681709,
69.395,1.081,4.983,10.331,159.59503,positive,5,-19.189414942714105,50.005829068471634,-8.149063590417065,19.06312232059816,50.108221869742806,8.095431595293936,
127.977,1.382,3.898,7.24,14.10887,negative,1,14.107029352939099,49.97595617753867,5.990754778723925,13.943991834105649,50.13189449328339,5.921518529856314,
127.977,1.382,3.898,7.24,84.65321,positive,5,12.88267817296499,50.013998809178794,5.470816278649988,12.932545257494741,50.03794884254,5.49199305991793,
69.395,1.081,4.983,10.331,77.2234,negative,4,25.33723775025262,50.166182333003924,10.759825781489987,24.85342016096421,50.18557319344029,10.554365619570328,
195.932,1.106,3.585,6.19,11.09634,positive,1,-5.156007792182333,50.0595679077887,-2.189573548574118,5.1236802763630624,50.074318552454784,2.175845199746502,
234.635,0.666,3.565,5.845,31.2558,negative,1,-12.026416201477373,50.04890736985579,-5.107192203786892,12.442673061341935,50.15716297536313,5.2839617213104875,
127.977,1.382,3.898,7.24,56.43547,positive,2,6.204047796643951,49.93418937616766,2.634638948804124,6.39812536841765,49.9673005837836,2.717056806700208,
127.977,1.382,3.898,7.24,2.82177,positive,3,-1.9884047431193266,50.041021669140996,-0.844404935926332,1.9306379338886368,50.050287869957046,0.8198734218993702,
157.141,1.335,3.682,6.594,75.26335,negative,3,12.147710130492056,50.10283470134472,5.1587014313283746,12.852258333929555,49.96420500480003,5.457898052458619,
98.736,1.311,4.31,8.414,72.52551,positive,1,7.420518134285161,50.024978293246555,3.1512307347907087,7.38877889574809,50.009085863927496,3.137752206449843,
98.736,1.311,4.31,8.414,108.78827,positive,5,14.841916761271442,50.05348818364642,6.302835383587329,14.871163912896813,50.07446740511399,6.315255611048418,
234.635,0.666,3.565,5.845,31.2558,negative,4,16.073114240319757,50.18601189624419,6.825681263937386,16.170130188267667,50.17729644965837,6.866880494423165,
98.736,1.311,4.31,8.414,112.41454,negative,4,16.593404960457473,49.99980267596728,7.046630270280905,16.50553935691039,50.00729669487742,7.009316866362489,
98.736,1.311,4.31,8.414,18.13138,positive,3,2.570149556959972,50.020449435609,1.0914513151690046,2.4428709373452957,50.063130546407564,1.0374006018962527,
69.395,1.081,4.983,10.331,25.74113,negative,4,26.400613838560524,49.960763611586316,11.211403872329083,26.39086964249938,49.96495106921669,11.207265858034388,
98.736,1.311,4.31,8.414,3.62628,positive,1,-5.3557671633366875,50.05648106162377,-2.2744042650487035,5.451908465021489,50.01383386344251,2.3152320643033333,
157.141,1.335,3.682,6.594,75.26335,negative,2,11.370071441951689,50.00096230833956,4.828465874788385,11.688129374940308,50.11405896256115,4.963533792653434,
127.977,1.382,3.898,7.24,14.10887,positive,2,-3.6614197864745934,50.0588133192834,-1.554875057955917,3.704551860710705,50.03331190565451,1.573191719343768,
69.395,1.081,4.983,10.331,77.2234,positive,4,7.312105992135532,50.091196800027234,3.1051919450210343,7.281723273780085,50.076028657507706,3.0922894826652305,
98.736,1.311,4.31,8.414,18.13138,positive,5,4.242004989624744,50.076491314539844,1.8014289916870831,4.318268387530743,50.06395414003595,1.8338153505736128,
98.736,1.311,4.31,8.414,54.39413,positive,2,-5.679155580356694,50.01953788314916,-2.4117358503298343,5.544897408129459,50.015127798181325,2.354721168731722,
195.932,1.106,3.585,6.19,2.21927,negative,2,13.968538974674745,49.998779896252195,5.93194282940154,14.329381647057264,50.036773512603794,6.085179907872118,
234.635,0.666,3.565,5.845,64.59533,positive,4,10.752716670429825,50.06187510953272,4.566297210136668,11.04570150639415,50.08923062485621,4.6907174734135175,
127.977,1.382,3.898,7.24,28.21774,positive,3,3.477737497461164,50.01874362954218,1.476871707771855,3.3985776455888095,50.03231629163315,1.4432553276663875,
127.977,1.382,3.898,7.24,2.82177,negative,1,14.153514790992075,50.0796577093299,6.010495494730795,14.118574162930766,50.11574275298396,5.995657449860186,
234.635,0.666,3.565,5.845,2.08372,negative,4,16.33212420855868,50.022403699476804,6.935673606488314,16.905486690530676,50.10860935105868,7.17916030683314,
234.635,0.666,3.565,5.845,10.4186,negative,1,12.117482880836771,50.09118367696652,5.145864991012727,12.377058396277144,50.03324744760468,5.256097501391687,
69.395,1.081,4.983,10.331,77.2234,negative,1,17.87190298284083,50.085017743531196,7.589563012927139,17.798968829758216,50.21041741150589,7.55859046617896,
69.395,1.081,4.983,10.331,25.74113,negative,3,23.676131731609576,50.12104039013458,10.054412999664335,23.504089051542735,49.98683084699415,9.981352578368751,
98.736,1.311,4.31,8.414,54.39413,positive,3,5.837012039124356,49.96208328519946,2.47877188683725,5.111164816867291,50.171002524210884,2.1705303282093134,
195.932,1.106,3.585,6.19,2.21927,positive,3,2.16943433476285,50.051330701174855,0.9212817796682734,2.1389374229459244,50.03611525886974,0.9083308234015307,
127.977,1.382,3.898,7.24,2.82177,positive,5,2.7769497052148284,50.025891911110136,1.1792719998364314,2.7625839335852995,50.03870666257821,1.1731713663943009,
127.977,1.382,3.898,7.24,84.65321,negative,3,14.303042331116375,50.03206785215262,6.073994535041776,14.130671917106776,50.00444318590351,6.0007949367703315,
234.635,0.666,3.565,5.845,10.4186,positive,2,3.876373701766903,50.045614797927385,1.6461583581479968,3.968281444516963,50.0484433349165,1.68518831515074,
195.932,1.106,3.585,6.19,22.19268,negative,4,16.659248879572004,50.317870950560135,7.074591846259557,17.15993437924855,50.06650343637255,7.287215211163814,
98.736,1.311,4.31,8.414,18.13138,negative,2,17.962580140959396,50.122386088602084,7.628070384304143,17.738758794840717,50.12344098753741,7.5330214009005925,
127.977,1.382,3.898,7.24,14.10887,negative,3,17.699702378183304,50.19840622897497,7.516435526661842,17.49302342935976,50.1285923315296,7.428666311092135,
195.932,1.106,3.585,6.19,66.57804,positive,2,8.808993833305621,50.16867991067018,3.74086709415051,9.054966960472067,49.93035112371314,3.8453231529098293,
69.395,1.081,4.983,10.331,102.96453,positive,2,8.004308862454906,50.069800948177594,3.399145941249748,7.991852434301257,50.11652356453128,3.3938561382288333,
98.736,1.311,4.31,8.414,18.13138,positive,1,5.586937282149515,50.03572266710813,2.372574011444503,5.598909315589043,50.033205952287126,2.3776581092190603,
195.932,1.106,3.585,6.19,68.79731,positive,1,8.954347555324457,49.991816686445624,3.802593662019899,9.194817721561366,50.087698584053435,3.9047128085448297,
195.932,1.106,3.585,6.19,33.28902,negative,1,12.030155537947982,50.09849045524926,5.108780167295729,12.714806125026724,50.05104942113592,5.399526976824666,
234.635,0.666,3.565,5.845,64.59533,positive,2,9.39863158898667,50.03218050844455,3.991265325712022,9.21029961269569,50.04709557339995,3.9112874183351836,
98.736,1.311,4.31,8.414,112.41454,negative,3,15.275511771639746,50.02584374701129,6.486967798386167,15.38865144910203,50.15066501342688,6.535014204646692,
98.736,1.311,4.31,8.414,108.78827,negative,3,16.168898314362615,50.10818189594714,6.866357361288693,15.820489384117282,50.05866510089755,6.718400451892849,
195.932,1.106,3.585,6.19,68.79731,negative,2,11.013496160530671,50.04713962458716,4.677041005830929,10.914719286605408,50.03125759118744,4.635093972568969,
157.141,1.335,3.682,6.594,48.557,negative,3,15.45025214583636,50.24418007469732,6.561173834651079,15.319268430913285,50.19275553203032,6.505549698876034,
69.395,1.081,4.983,10.331,159.59503,negative,1,14.079480202341989,49.99721429588342,5.979055632046029,14.855277053747669,50.36180229926861,6.308509025712446,
234.635,0.666,3.565,5.845,64.59533,positive,1,-9.17823022506531,50.01335351001681,-3.897668687389719,8.786068240083765,50.09762004231605,3.7311314082231037,
195.932,1.106,3.585,6.19,68.79731,negative,3,14.027144476148283,50.47163746848346,5.956830506263072,13.493729010500882,50.90752649019051,5.730307886232751,
69.395,1.081,4.983,10.331,5.14823,negative,1,18.39754699130628,50.16750086131022,7.812785370862188,18.54519766318243,50.03543464304086,7.875487371828789,
195.932,1.106,3.585,6.19,44.38536,positive,5,6.646723164043016,50.04998100584394,2.8226274690177577,6.484119195422956,50.044808695851074,2.7535753335412587,
69.395,1.081,4.983,10.331,159.59503,positive,1,12.639913060627274,50.117359959788544,5.367722549952129,12.993944925575496,50.15676529085486,5.518067320186638,
127.977,1.382,3.898,7.24,56.43547,negative,2,14.792912948592676,50.00293054311033,6.282025203241327,15.02981776963832,50.13298036250131,6.382630274179684,
69.395,1.081,4.983,10.331,25.74113,negative,5,28.384540241041396,50.261858536661705,12.053907015900032,28.67442661536794,49.828312438995006,12.177011472468124,
69.395,1.081,4.983,10.331,159.59503,negative,5,21.56601789286143,50.00129328960403,9.158322529667672,22.304614275065642,49.8958903950733,9.471978204121642,
127.977,1.382,3.898,7.24,2.82177,positive,1,5.090106060004905,50.02215925093397,2.1615874214391475,5.190156424816307,50.07056764713946,2.2040752610906686,
157.141,1.335,3.682,6.594,36.41775,negative,4,17.411147227096578,50.209043509430415,7.393896393365287,17.068594312319558,50.100303642187114,7.24842632593832,
69.395,1.081,4.983,10.331,77.2234,negative,3,22.64618899180468,50.20124879258678,9.617032865553202,22.702047913320072,50.083639351389614,9.64075416736881,
127.977,1.382,3.898,7.24,2.82177,negative,2,-15.561564694008508,50.063690013527086,-6.6084443239377055,16.003445271804015,49.96385023287536,6.796095325209791,
195.932,1.106,3.585,6.19,44.38536,positive,4,6.170645252198952,50.01053947163507,2.620454073466516,5.898258598834659,50.04596327312833,2.504781127414073,
195.932,1.106,3.585,6.19,2.21927,positive,4,-1.0947504770832446,50.054682240378675,-0.46490168043283703,1.103664985129672,50.04751115800882,0.468687355669132,
195.932,1.106,3.585,6.19,11.09634,positive,4,1.7419824762426386,50.0603266916836,0.7397581434697803,1.8188267880876727,50.061104839860405,0.7723911958925058,
127.977,1.382,3.898,7.24,87.47498,negative,1,-11.184814213628478,50.15993839409397,-4.7497937037661275,11.43251396473254,50.096499740344015,4.854982998442559,
234.635,0.666,3.565,5.845,41.6744,negative,2,13.006660434687364,50.000516974423064,5.523467145697029,13.10935312274648,50.08707222144031,5.5670770862691015,
195.932,1.106,3.585,6.19,68.79731,negative,1,10.527034151365973,50.058853956543196,4.470457852626963,10.411593431465572,50.099368997133574,4.421434275295385,
69.395,1.081,4.983,10.331,154.4468,positive,5,-17.46554716012862,49.985880912142704,-7.416998114544173,17.665641415062222,49.95280275499805,7.501971044276466,
69.395,1.081,4.983,10.331,159.59503,negative,2,16.39315196360572,50.16187955100794,6.961589928488926,16.276107649656122,50.14847802833924,6.911885361668134,
127.977,1.382,3.898,7.24,14.10887,positive,3,2.4144452544057113,50.024230962770694,1.0253292230362288,2.3683956676188633,50.03608556925964,1.0057735975959161,
157.141,1.335,3.682,6.594,2.42785,negative,5,19.273976368866023,49.91226025184448,8.184973827444379,19.469728409438172,50.145802075142036,8.268102772820695,
157.141,1.335,3.682,6.594,24.2785,positive,4,3.1462294056762414,50.05753896863083,1.3360919847444546,3.1639173442321815,50.054922840738065,1.3436034245932484,
69.395,1.081,4.983,10.331,5.14823,positive,5,5.532989855527866,50.0609287166932,2.3496644536809352,5.528940882843562,50.0346169427856,2.347944998659573,
127.977,1.382,3.898,7.24,14.10887,negative,5,20.623374969466738,50.21080502848004,8.758015529754857,21.308624908900544,50.0433567055235,9.049016862960992,
157.141,1.335,3.682,6.594,72.8355,positive,2,9.056976709642848,49.94555848883409,3.8461766220667775,9.127081760281111,50.10517816323241,3.8759477493974486,
195.932,1.106,3.585,6.19,68.79731,positive,2,9.429759513274615,50.05381994288063,4.00448425058375,9.626832620837357,50.10057139806364,4.088174206232953,
98.736,1.311,4.31,8.414,72.52551,positive,2,6.9471602172613505,49.98892652998867,2.9502124245207026,7.292033986040887,49.9395868190627,3.09666807628711,
69.395,1.081,4.983,10.331,25.74113,negative,1,17.927234957412978,50.32471858506013,7.613060539074646,19.161877621678713,50.32319551120937,8.137369467334258,
195.932,1.106,3.585,6.19,44.38536,negative,3,14.067721173578263,50.10449780407545,5.9740619897988205,14.91749591449485,50.0587264338662,6.334931168037562,
195.932,1.106,3.585,6.19,44.38536,positive,1,6.2953962228282165,50.02850799848491,2.6734313839087043,6.307333284824932,50.09767116656286,2.6785006305524597,
195.932,1.106,3.585,6.19,2.21927,negative,4,17.571238555992426,50.06020875376492,7.461881499911851,16.853460348590456,50.12620854124558,7.157066565564148,
234.635,0.666,3.565,5.845,41.6744,positive,1,6.577687277617162,50.08855274667373,2.7933103777888406,6.758247242792518,50.04502618841801,2.869987787834431,
127.977,1.382,3.898,7.24,2.82177,positive,2,-3.4561683992013257,50.049344885566484,-1.4677120771196388,3.4524993000442197,50.01288550213374,1.466153940905478,
98.736,1.311,4.31,8.414,108.78827,positive,4,12.736938985874456,50.076341571927955,5.408926017442864,13.159663458200063,50.04657825408706,5.588442100475651,
234.635,0.666,3.565,5.845,62.51161,negative,5,14.780000696055664,49.581762287058645,6.276541827779711,15.33680562786541,49.64305697257049,6.512997124114748,
157.141,1.335,3.682,6.594,75.26335,negative,5,13.428338950687422,49.757762419931225,5.702539048194081,13.699707441885138,50.21482680446583,5.81777961690383,
234.635,0.666,3.565,5.845,20.8372,positive,2,4.634802558738059,50.27590524881299,1.9682361808807793,4.759095399612833,50.14705424514385,2.0210189398729543,
234.635,0.666,3.565,5.845,62.51161,positive,1,9.211498932959238,50.27576073126147,3.911796727093272,8.459992336397427,49.75870991665238,3.5926585427201574,
98.736,1.311,4.31,8.414,18.13138,negative,5,23.978466175878843,49.964478483740805,10.182803709817753,23.859762441161877,50.0009882789963,10.132394445881552,
69.395,1.081,4.983,10.331,102.96453,positive,1,8.409856012815988,50.02495634650932,3.571367425180902,8.458140960572926,50.097781298156406,3.591872329103502,
127.977,1.382,3.898,7.24,56.43547,negative,3,15.969680222341692,49.965794091990354,6.781756506854804,16.457363663553743,50.3572259094913,6.988858358906804,
157.141,1.335,3.682,6.594,24.2785,positive,2,-4.143810602555371,50.055398845808355,-1.7597293199232933,4.174947218281183,50.03837066401915,1.7729519357402679,
195.932,1.106,3.585,6.19,22.19268,positive,2,4.221818845123811,50.157908874256826,1.792856652422206,4.275762833869115,49.991258382822465,1.8157647502416832,
98.736,1.311,4.31,8.414,54.39413,negative,3,-19.43738865274872,49.9856449349098,-8.25436922572988,19.315823556299403,50.05808644686585,8.202744843001275,
127.977,1.382,3.898,7.24,42.3266,negative,2,15.32992227633376,49.95559500553194,6.510074008974757,15.120098900430131,49.98282316989693,6.4209694668040305,
234.635,0.666,3.565,5.845,2.08372,negative,2,14.063328914492406,50.12392991018136,5.9721967532242255,14.465049029663353,50.07884973534383,6.142793031112347,
157.141,1.335,3.682,6.594,2.42785,positive,5,-2.162751584723625,50.07639144707214,-0.9184438528637784,2.2702165758090587,50.06180745881486,0.9640804211861129,
98.736,1.311,4.31,8.414,112.41454,positive,4,14.146322379972384,49.887269613883085,6.007441132993199,14.570990815499258,49.99115587520925,6.187782748216094,
69.395,1.081,4.983,10.331,154.4468,positive,1,12.220062716436699,50.00226014286934,5.189427007149948,12.177775814315025,50.02725554426938,5.171469260368195,
234.635,0.666,3.565,5.845,62.51161,negative,2,-11.416907104978053,49.998276843847236,-4.848355318913731,11.168297539427426,49.98404666087151,4.742779658326578,
69.395,1.081,4.983,10.331,77.2234,positive,2,6.329354633882949,50.03486887754704,2.6878523160705576,6.282606930199427,50.029809304124946,2.6680002251568826,
195.932,1.106,3.585,6.19,2.21927,positive,1,5.046607370492028,50.09081627260152,2.1431150715525855,5.0406953759662265,50.05665842039168,2.1406044572644074,
98.736,1.311,4.31,8.414,108.78827,positive,1,10.354216038603498,49.94759104785497,4.397068132581747,10.26743149531394,50.10890746470357,4.3602138165933155,
234.635,0.666,3.565,5.845,41.6744,positive,4,5.8550524475570995,50.041805322190726,2.4864330081353403,5.86592849508134,50.057343110087494,2.491051679582699,
195.932,1.106,3.585,6.19,33.28902,positive,1,5.721338046971377,50.02907743760816,2.4296492470576596,5.895463848792447,50.0493667146476,2.5035942962427584,
98.736,1.311,4.31,8.414,108.78827,positive,2,10.944571333618654,49.81791202379029,4.6477710776365955,10.907376687916482,50.325135747970165,4.631975831457654,
157.141,1.335,3.682,6.594,24.2785,positive,3,3.2926166682556466,50.06527253207968,1.3982574606147642,3.2514924767401,50.026838099353775,1.3807934757686853,
234.635,0.666,3.565,5.845,41.6744,negative,4,15.961693769100101,49.99621763042949,6.778364943562129,16.01448532682795,49.97400878310777,6.800783644822468,
69.395,1.081,4.983,10.331,5.14823,negative,3,23.410894177752517,50.0058764927961,9.941776022487055,23.563276165463133,50.20800895242741,10.006487245397967,
195.932,1.106,3.585,6.19,22.19268,negative,2,-13.511583401997946,50.11166340641312,-5.737890012739063,14.048910584450189,50.042112958757876,5.9660738000892595,
98.736,1.311,4.31,8.414,36.26276,negative,5,23.463126047806867,50.041932343167495,9.96395704425296,23.540752310835614,49.942254349093986,9.996922163595896,
98.736,1.311,4.31,8.414,3.62628,positive,2,3.4976777574748956,50.085633239480515,1.4853396286202207,3.5805958239492726,50.01831268622719,1.5205519891070463,
98.736,1.311,4.31,8.414,54.39413,positive,1,6.558404822432149,50.00295815406884,2.7851218033090492,6.5277963889368165,50.03038367781972,2.7721234877428302,
69.395,1.081,4.983,10.331,154.4468,negative,4,21.353958528119307,50.02083308094244,9.068268442381225,20.74670282033323,50.09466511891679,8.810388491733153,
127.977,1.382,3.898,7.24,87.47498,negative,4,14.966288347375123,50.11368760573831,6.355651582883949,14.868253847840279,50.027982511713844,6.31401980968247,
157.141,1.335,3.682,6.594,36.41775,positive,3,4.456400094282637,50.01508561773146,1.8924749848321034,4.4578445911125,50.053463709046575,1.893088411377824,
98.736,1.311,4.31,8.414,36.26276,negative,3,19.919348141402637,49.699039238772876,8.459040318244707,19.173086116802427,50.047350344624334,8.142129317480222,
157.141,1.335,3.682,6.594,48.557,positive,2,5.931121211272674,50.10876620376452,2.518736712787784,5.9177488987630635,49.99564209763658,2.513057966181019,
234.635,0.666,3.565,5.845,20.8372,negative,5,17.97594704691268,50.02069268206446,7.633746834938288,17.881600305377876,50.137628193079,7.593681121699454,
234.635,0.666,3.565,5.845,64.59533,negative,2,10.776767104562007,49.95742588361319,4.576510576083747,10.704610819256876,49.95598038249494,4.545868362178052,
98.736,1.311,4.31,8.414,108.78827,positive,3,-12.081077325490975,50.01403776999683,-5.130404843507294,11.729041938544906,50.02938581843373,4.980907906635343,
127.977,1.382,3.898,7.24,56.43547,positive,5,-7.84647738699223,50.084933485439535,-3.332120514265428,7.758261794770356,50.0627671613226,3.2946584825761662,
234.635,0.666,3.565,5.845,2.08372,positive,4,1.2290585407117463,50.04425546524574,0.5219375491386726,1.233879996549903,50.05516299898381,0.523985050343937,
69.395,1.081,4.983,10.331,51.48227,positive,3,4.488449377303742,50.0659812626778,1.9060851780634203,4.428261320233578,50.0696732868501,1.8805254459969332,
127.977,1.382,3.898,7.24,14.10887,positive,4,2.1479272173076214,50.04885826488489,0.9121484700643882,2.159728923328072,50.05529566089369,0.9171602358281263,
234.635,0.666,3.565,5.845,31.2558,positive,3,4.492401967972737,50.0204743153538,1.9077637030629935,4.428416166438058,50.08187233145058,1.8805912036852634,
69.395,1.081,4.983,10.331,25.74113,positive,2,-4.082239436605301,50.05647135367448,-1.7335822305950825,4.077233053344164,50.05078436689943,1.7314561972754223,
157.141,1.335,3.682,6.594,2.42785,negative,4,-17.89671997390168,50.04724552986725,-7.600101908400577,18.333331984173885,49.8548185329173,7.78551553600046,
69.395,1.081,4.983,10.331,102.96453,negative,2,19.97472714208187,50.16293655752916,8.482557814711173,19.74757571096274,49.95517481083596,8.386094662375887,
195.932,1.106,3.585,6.19,66.57804,positive,3,-9.481511819627912,50.02606780386049,-4.026461618663118,9.33331081862258,50.01578882735768,3.963525912443766,
98.736,1.311,4.31,8.414,3.62628,negative,2,-17.80080407934858,49.9587033928389,-7.559369831556217,17.773463160294146,50.095278458034336,7.547759113425405,
127.977,1.382,3.898,7.24,2.82177,positive,4,-1.4930954524429885,50.050315721074256,-0.6340646562098643,1.4941949027923969,50.070037806436495,0.6345315537592988,
98.736,1.311,4.31,8.414,18.13138,positive,2,3.865226492820745,50.066967202822724,1.6414245340669038,3.765821839287187,50.0322911157343,1.5992109050820398,
98.736,1.311,4.31,8.414,112.41454,negative,5,18.859600656539314,50.07050536072502,8.009003166527652,18.330331934524377,50.27690074538995,7.784241521370977,
234.635,0.666,3.565,5.845,31.2558,negative,3,14.576485256265984,49.933705724454356,6.190116042239674,15.039932441683348,50.05026179480708,6.386925616478405,
98.736,1.311,4.31,8.414,72.52551,negative,3,-18.672917040217015,50.094306135651856,-7.929725259137514,18.824537720166624,50.07177435774874,7.9941131816573066,
127.977,1.382,3.898,7.24,28.21774,negative,5,20.965580597338523,49.937306698664486,8.903338116756634,20.7797483822902,49.94280440124248,8.824421769275608,
69.395,1.081,4.983,10.331,102.96453,negative,3,22.205700447490397,50.05289252946688,9.42997301150433,22.046864037527968,50.12577089348961,9.362520824498032,
98.736,1.311,4.31,8.414,3.62628,negative,4,21.273866606442127,49.971622558594284,9.034256245304114,21.531405611966154,50.122376364050105,9.143623922187087,
234.635,0.666,3.565,5.845,20.8372,positive,3,-3.4307587477482273,50.0217582668728,-1.4569214998081481,3.347599872740791,50.06866470520873,1.421606876482415,
98.736,1.311,4.31,8.414,72.52551,positive,3,6.992030800496422,49.97859434610992,2.9692673689894775,6.9993327233125475,50.02857179378576,2.972368236500997,
195.932,1.106,3.585,6.19,2.21927,negative,5,18.484108804725633,50.261701339700316,7.849545101378305,18.877014733661152,50.05199289240177,8.016398307143346,
69.395,1.081,4.983,10.331,5.14823,negative,4,26.698952564722436,50.31067327532285,11.33809774279023,26.086499866729536,50.10810275910937,11.078010814816349,
98.736,1.311,4.31,8.414,3.62628,positive,4,2.04305284555633,50.06048548537169,0.8676120458452226,2.012645146172124,50.045805750818474,0.8546989749329558,
195.932,1.106,3.585,6.19,22.19268,negative,3,15.484015899793079,49.95893861981544,6.575512102850806,15.298312364025291,50.037514182752226,6.496650400894042,
98.736,1.311,4.31,8.414,72.52551,positive,5,9.006160345998499,50.12008983796748,3.8245967156440033,9.106771068607106,50.18454575555444,3.8673225193677196,
234.635,0.666,3.565,5.845,62.51161,positive,5,10.682826135245243,50.047142902038935,4.536617179907101,10.65613960612524,50.056048027866,4.525284357960438,
127.977,1.382,3.898,7.24,42.3266,positive,5,5.938412928999741,50.09955547517539,2.5218332465601074,5.920076234964549,50.04426217328905,2.5140463032803417,
98.736,1.311,4.31,8.414,18.13138,negative,1,-15.750604838628188,49.99704765240481,-6.688722965274414,15.555212291664485,50.07712953009577,6.605746684076985,
69.395,1.081,4.983,10.331,159.59503,positive,2,14.006714775896315,49.95799061744851,5.948154737513298,14.141229406809723,50.02357393479353,6.005278328015001,
98.736,1.311,4.31,8.414,54.39413,negative,2,17.574534850551238,49.823594153364816,7.463281319242075,17.443844212701354,49.940194079849114,7.407781642900184,
157.141,1.335,3.682,6.594,48.557,negative,2,13.910627603045477,49.931325650348555,5.907349924853693,14.148437540586844,50.069961697069814,6.008339366649755,
234.635,0.666,3.565,5.845,20.8372,negative,1,12.146173360994103,50.138762924139755,5.158048819854809,12.13838833057844,49.966067101734495,5.154742793688823,
234.635,0.666,3.565,5.845,2.08372,positive,5,1.201965631770203,50.04172313273262,0.5104321521021755,1.2284471403746549,50.03943158762112,0.5216779091110306,
195.932,1.106,3.585,6.19,22.19268,negative,5,18.33279185336928,50.109896491817324,7.785286161614269,18.52557931603448,50.02815692340754,7.867156155951452,
98.736,1.311,4.31,8.414,108.78827,negative,2,14.870791902603997,50.101776225976224,6.3150976314778315,14.502996803768104,50.02056970285611,6.158908104199127,
195.932,1.106,3.585,6.19,22.19268,positive,5,3.5065849718024156,50.06440761447351,1.489122206472913,3.4968611060368118,50.07353318798256,1.4849928257333156,
127.977,1.382,3.898,7.24,14.10887,negative,2,16.02918486452673,49.87166593952584,6.807026016870533,15.707429487005157,49.95553495066551,6.670387925516034,
